ID,Name,City
1,User-1,Lisbon
2,User-2,Oslo
3,User-3,Prague
4,User-4,Zagreb
5,User-5,Vienna
6,User-6,Madrid
7,User-7,Berlin
8,User-8,Paris
9,User-9,Rome
10,User-10,Athens
11,User-11,Lisbon
12,User-12,Oslo
13,User-13,Prague
14,User-14,Zagreb
15,User-15,Vienna
16,User-16,Madrid
17,User-17,Berlin
18,User-18,Paris
19,User-19,Rome
20,User-20,Athens
21,User-21,Lisbon
22,User-22,Oslo
23,User-23,Prague
24,User-24,Zagreb
25,User-25,Vienna
26,User-26,Madrid
27,User-27,Berlin
28,User-28,Paris
29,User-29,Rome
30,User-30,Athens
31,User-31,Lisbon
32,User-32,Oslo
33,User-33,Prague
34,User-34,Zagreb
35,User-35,Vienna
36,User-36,Madrid
37,User-37,Berlin
38,User-38,Paris
39,User-39,Rome
40,User-40,Athens
41,User-41,Lisbon
42,User-42,Oslo
43,User-43,Prague
44,User-44,Zagreb
45,User-45,Vienna
46,User-46,Madrid
47,User-47,Berlin
48,User-48,Paris
49,User-49,Rome
50,User-50,Athens
51,User-51,Lisbon
52,User-52,Oslo
53,User-53,Prague
54,User-54,Zagreb
55,User-55,Vienna
56,User-56,Madrid
57,User-57,Berlin
58,User-58,Paris
59,User-59,Rome
60,User-60,Athens
61,User-61,Lisbon
62,User-62,Oslo
63,User-63,Prague
64,User-64,Zagreb
65,User-65,Vienna
66,User-66,Madrid
67,User-67,Berlin
68,User-68,Paris
69,User-69,Rome
70,User-70,Athens
71,User-71,Lisbon
72,User-72,Oslo
73,User-73,Prague
74,User-74,Zagreb
75,User-75,Vienna
76,User-76,Madrid
77,User-77,Berlin
78,User-78,Paris
79,User-79,Rome
80,User-80,Athens
81,User-81,Lisbon
82,User-82,Oslo
83,User-83,Prague
84,User-84,Zagreb
85,User-85,Vienna
86,User-86,Madrid
87,User-87,Berlin
88,User-88,Paris
89,User-89,Rome
90,User-90,Athens
91,User-91,Lisbon
92,User-92,Oslo
93,User-93,Prague
94,User-94,Zagreb
95,User-95,Vienna
96,User-96,Madrid
97,User-97,Berlin
98,User-98,Paris
99,User-99,Rome
100,User-100,Athens
101,User-101,Lisbon
102,User-102,Oslo
103,User-103,Prague
104,User-104,Zagreb
105,User-105,Vienna
106,User-106,Madrid
107,User-107,Berlin
108,User-108,Paris
109,User-109,Rome
110,User-110,Athens
111,User-111,Lisbon
112,User-112,Oslo
113,User-113,Prague
114,User-114,Zagreb
115,User-115,Vienna
116,User-116,Madrid
117,User-117,Berlin
118,User-118,Paris
119,User-119,Rome
120,User-120,Athens
121,User-121,Lisbon
122,User-122,Oslo
123,User-123,Prague
124,User-124,Zagreb
125,User-125,Vienna
126,User-126,Madrid
127,User-127,Berlin
128,User-128,Paris
129,User-129,Rome
130,User-130,Athens
131,User-131,Lisbon
132,User-132,Oslo
133,User-133,Prague
134,User-134,Zagreb
135,User-135,Vienna
136,User-136,Madrid
137,User-137,Berlin
138,User-138,Paris
139,User-139,Rome
140,User-140,Athens
141,User-141,Lisbon
142,User-142,Oslo
143,User-143,Prague
144,User-144,Zagreb
145,User-145,Vienna
146,User-146,Madrid
147,User-147,Berlin
148,User-148,Paris
149,User-149,Rome
150,User-150,Athens
151,User-151,Lisbon
152,User-152,Oslo
153,User-153,Prague
154,User-154,Zagreb
155,User-155,Vienna
156,User-156,Madrid
157,User-157,Berlin
158,User-158,Paris
159,User-159,Rome
160,User-160,Athens
161,User-161,Lisbon
162,User-162,Oslo
163,User-163,Prague
164,User-164,Zagreb
165,User-165,Vienna
166,User-166,Madrid
167,User-167,Berlin
168,User-168,Paris
169,User-169,Rome
170,User-170,Athens
171,User-171,Lisbon
172,User-172,Oslo
173,User-173,Prague
174,User-174,Zagreb
175,User-175,Vienna
176,User-176,Madrid
177,User-177,Berlin
178,User-178,Paris
179,User-179,Rome
180,User-180,Athens
181,User-181,Lisbon
182,User-182,Oslo
183,User-183,Prague
184,User-184,Zagreb
185,User-185,Vienna
186,User-186,Madrid
187,User-187,Berlin
188,User-188,Paris
189,User-189,Rome
190,User-190,Athens
191,User-191,Lisbon
192,User-192,Oslo
193,User-193,Prague
194,User-194,Zagreb
195,User-195,Vienna
196,User-196,Madrid
197,User-197,Berlin
198,User-198,Paris
199,User-199,Rome
200,User-200,Athens
201,User-201,Lisbon
202,User-202,Oslo
203,User-203,Prague
204,User-204,Zagreb
205,User-205,Vienna
206,User-206,Madrid
207,User-207,Berlin
208,User-208,Paris
209,User-209,Rome
210,User-210,Athens
211,User-211,Lisbon
212,User-212,Oslo
213,User-213,Prague
214,User-214,Zagreb
215,User-215,Vienna
216,User-216,Madrid
217,User-217,Berlin
218,User-218,Paris
219,User-219,Rome
220,User-220,Athens
221,User-221,Lisbon
222,User-222,Oslo
223,User-223,Prague
224,User-224,Zagreb
225,User-225,Vienna
226,User-226,Madrid
227,User-227,Berlin
228,User-228,Paris
229,User-229,Rome
230,User-230,Athens
231,User-231,Lisbon
232,User-232,Oslo
233,User-233,Prague
234,User-234,Zagreb
235,User-235,Vienna
236,User-236,Madrid
237,User-237,Berlin
238,User-238,Paris
239,User-239,Rome
240,User-240,Athens
241,User-241,Lisbon
242,User-242,Oslo
243,User-243,Prague
244,User-244,Zagreb
245,User-245,Vienna
246,User-246,Madrid
